{
  "resultCode": "ok",
  "data": [
    {
      "symbol": "ETH_USDT",
      "baseAsset": "ETH",
      "quoteAsset": "USDT",
      "priceDecimal": "3",
      "quantityDecimal": "4",
      "minDepthDecimal": "0",
      "minAmount": "10.00000",
      "supportedPeriods": [
        "1m",
        "5m",
        "15m",
        "30m",
        "1h",
        "2h",
        "4h",
        "6h",
        "12h",
        "1d",
        "1w"
      ],
      "supportedDepthDecimal": [
        "0",
        "1",
        "2",
        "3"
      ]
    },
    {
      "symbol": "ETH_BTC",
      "baseAsset": "ETH",
      "quoteAsset": "BTC",
      "priceDecimal": "7",
      "quantityDecimal": "4",
      "minDepthDecimal": "3",
      "minAmount": "0.00100",
      "supportedPeriods": [
        "1m",
        "5m",
        "15m",
        "30m",
        "1h",
        "2h",
        "4h",
        "6h",
        "12h",
        "1d",
        "1w"
      ],
      "supportedDepthDecimal": [
        "3",
        "4",
        "5",
        "6",
        "7"
      ]
    },
    {
      "symbol": "OAX_USDT",
      "baseAsset": "OAX",
      "quoteAsset": "USDT",
      "priceDecimal": "7",
      "quantityDecimal": "2",
      "minDepthDecimal": "2",
      "minAmount": "10.00000",
      "supportedPeriods": [
        "1m",
        "5m",
        "15m",
        "30m",
        "1h",
        "2h",
        "4h",
        "6h",
        "12h",
        "1d",
        "1w"
      ],
      "supportedDepthDecimal": [
        "2",
        "3",
        "4",
        "5",
        "6",
        "7"
      ]
    },
    {
      "symbol": "DILI_USDT",
      "baseAsset": "DILI",
      "quoteAsset": "USDT",
      "priceDecimal": "7",
      "quantityDecimal": "2",
      "minDepthDecimal": "3",
      "minAmount": "10.00000",
      "supportedPeriods": [
        "1m",
        "5m",
        "15m",
        "30m",
        "1h",
        "2h",
        "4h",
        "6h",
        "12h",
        "1d",
        "1w"
      ],
      "supportedDepthDecimal": [
        "3",
        "4",
        "5",
        "6",
        "7"
      ]
    },
    {
      "symbol": "EOOC_USDT",
      "baseAsset": "EOOC",
      "quoteAsset": "USDT",
      "priceDecimal": "7",
      "quantityDecimal": "2",
      "minDepthDecimal": "6",
      "minAmount": "10.00000",
      "supportedPeriods": [
        "1m",
        "5m",
        "15m",
        "30m",
        "1h",
        "2h",
        "4h",
        "6h",
        "12h",
        "1d",
        "1w"
      ],
      "supportedDepthDecimal": [
        "6",
        "7"
      ]
    },
    {
      "symbol": "DDC_USDT",
      "baseAsset": "DDC",
      "quoteAsset": "USDT",
      "priceDecimal": "5",
      "quantityDecimal": "2",
      "minDepthDecimal": "1",
      "minAmount": "10.00000",
      "supportedPeriods": [
        "1m",
        "5m",
        "15m",
        "30m",
        "1h",
        "2h",
        "4h",
        "6h",
        "12h",
        "1d",
        "1w"
      ],
      "supportedDepthDecimal": [
        "1",
        "2",
        "3",
        "4",
        "5"
      ]
    },
    {
      "symbol": "BTC_USDT",
      "baseAsset": "BTC",
      "quoteAsset": "USDT",
      "priceDecimal": "2",
      "quantityDecimal": "6",
      "minDepthDecimal": "0",
      "minAmount": "1.00000",
      "supportedPeriods": [
        "1m",
        "5m",
        "15m",
        "30m",
        "1h",
        "2h",
        "4h",
        "6h",
        "12h",
        "1d",
        "1w"
      ],
      "supportedDepthDecimal": [
        "0",
        "1",
        "2"
      ]
    },
    {
      "symbol": "BCH_USDT",
      "baseAsset": "BCH",
      "quoteAsset": "USDT",
      "priceDecimal": "3",
      "quantityDecimal": "4",
      "minDepthDecimal": "0",
      "minAmount": "10.00000",
      "supportedPeriods": [
        "1m",
        "5m",
        "15m",
        "30m",
        "1h",
        "2h",
        "4h",
        "6h",
        "12h",
        "1d",
        "1w"
      ],
      "supportedDepthDecimal": [
        "0",
        "1",
        "2",
        "3"
      ]
    },
    {
      "symbol": "DASH_USDT",
      "baseAsset": "DASH",
      "quoteAsset": "USDT",
      "priceDecimal": "3",
      "quantityDecimal": "4",
      "minDepthDecimal": "0",
      "minAmount": "10.00000",
      "supportedPeriods": [
        "1m",
        "5m",
        "15m",
        "30m",
        "1h",
        "2h",
        "4h",
        "6h",
        "12h",
        "1d",
        "1w"
      ],
      "supportedDepthDecimal": [
        "0",
        "1",
        "2",
        "3"
      ]
    },
    {
      "symbol": "LTC_USDT",
      "baseAsset": "LTC",
      "quoteAsset": "USDT",
      "priceDecimal": "3",
      "quantityDecimal": "4",
      "minDepthDecimal": "0",
      "minAmount": "10.00000",
      "supportedPeriods": [
        "1m",
        "5m",
        "15m",
        "30m",
        "1h",
        "2h",
        "4h",
        "6h",
        "12h",
        "1d",
        "1w"
      ],
      "supportedDepthDecimal": [
        "0",
        "1",
        "2",
        "3"
      ]
    },
    {
      "symbol": "AMIO_USDT",
      "baseAsset": "AMIO",
      "quoteAsset": "USDT",
      "priceDecimal": "7",
      "quantityDecimal": "2",
      "minDepthDecimal": "3",
      "minAmount": "10.00000",
      "supportedPeriods": [
        "1m",
        "5m",
        "15m",
        "30m",
        "1h",
        "2h",
        "4h",
        "6h",
        "12h",
        "1d",
        "1w"
      ],
      "supportedDepthDecimal": [
        "3",
        "4",
        "5",
        "6",
        "7"
      ]
    },
    {
      "symbol": "LTC_BTC",
      "baseAsset": "LTC",
      "quoteAsset": "BTC",
      "priceDecimal": "7",
      "quantityDecimal": "4",
      "minDepthDecimal": "3",
      "minAmount": "0.00100",
      "supportedPeriods": [
        "1m",
        "5m",
        "15m",
        "30m",
        "1h",
        "2h",
        "4h",
        "6h",
        "12h",
        "1d",
        "1w"
      ],
      "supportedDepthDecimal": [
        "3",
        "4",
        "5",
        "6",
        "7"
      ]
    },
    {
      "symbol": "DASH_BTC",
      "baseAsset": "DASH",
      "quoteAsset": "BTC",
      "priceDecimal": "7",
      "quantityDecimal": "4",
      "minDepthDecimal": "3",
      "minAmount": "0.00100",
      "supportedPeriods": [
        "1m",
        "5m",
        "15m",
        "30m",
        "1h",
        "2h",
        "4h",
        "6h",
        "12h",
        "1d",
        "1w"
      ],
      "supportedDepthDecimal": [
        "3",
        "4",
        "5",
        "6",
        "7"
      ]
    },
    {
      "symbol": "INE_USDT",
      "baseAsset": "INE",
      "quoteAsset": "USDT",
      "priceDecimal": "7",
      "quantityDecimal": "2",
      "minDepthDecimal": "2",
      "minAmount": "2.00000",
      "supportedPeriods": [
        "1m",
        "5m",
        "15m",
        "30m",
        "1h",
        "2h",
        "4h",
        "6h",
        "12h",
        "1d",
        "1w"
      ],
      "supportedDepthDecimal": [
        "2",
        "3",
        "4",
        "5",
        "6",
        "7"
      ]
    },
    {
      "symbol": "VSC_USDT",
      "baseAsset": "VSC",
      "quoteAsset": "USDT",
      "priceDecimal": "7",
      "quantityDecimal": "4",
      "minDepthDecimal": "2",
      "minAmount": "10.00000",
      "supportedPeriods": [
        "1m",
        "5m",
        "15m",
        "30m",
        "1h",
        "2h",
        "4h",
        "6h",
        "12h",
        "1d",
        "1w"
      ],
      "supportedDepthDecimal": [
        "2",
        "3",
        "4",
        "5",
        "6",
        "7"
      ]
    }
  ]
}
